"sNO";"NAME";"FILE PATH";"TYPE"
"1";".bin";"node_modules\.bin";"folder"
"2";"@streamparser";"node_modules\@streamparser";"folder"
"3";"abbrev";"node_modules\abbrev";"folder"
"4";"accepts";"node_modules\accepts";"folder"
"5";"anymatch";"node_modules\anymatch";"folder"
"6";"array-flatten";"node_modules\array-flatten";"folder"
"7";"balanced-match";"node_modules\balanced-match";"folder"
"8";"basic-auth";"node_modules\basic-auth";"folder"
"9";"binary-extensions";"node_modules\binary-extensions";"folder"
"10";"body-parser";"node_modules\body-parser";"folder"
"11";"brace-expansion";"node_modules\brace-expansion";"folder"
"12";"braces";"node_modules\braces";"folder"
"13";"bytes";"node_modules\bytes";"folder"
"14";"chokidar";"node_modules\chokidar";"folder"
"15";"commander";"node_modules\commander";"folder"
"16";"concat-map";"node_modules\concat-map";"folder"
"17";"content-disposition";"node_modules\content-disposition";"folder"
"18";"content-type";"node_modules\content-type";"folder"
"19";"cookie";"node_modules\cookie";"folder"
"20";"cookie-parser";"node_modules\cookie-parser";"folder"
"21";"cookie-signature";"node_modules\cookie-signature";"folder"
"22";"debug";"node_modules\debug";"folder"
"23";"depd";"node_modules\depd";"folder"
"24";"destroy";"node_modules\destroy";"folder"
"25";"ee-first";"node_modules\ee-first";"folder"
"26";"encodeurl";"node_modules\encodeurl";"folder"
"27";"escape-html";"node_modules\escape-html";"folder"
"28";"etag";"node_modules\etag";"folder"
"29";"express";"node_modules\express";"folder"
"30";"fill-range";"node_modules\fill-range";"folder"
"31";"finalhandler";"node_modules\finalhandler";"folder"
"32";"forwarded";"node_modules\forwarded";"folder"
"33";"fresh";"node_modules\fresh";"folder"
"34";"glob-parent";"node_modules\glob-parent";"folder"
"35";"has-flag";"node_modules\has-flag";"folder"
"36";"http-errors";"node_modules\http-errors";"folder"
"37";"iconv-lite";"node_modules\iconv-lite";"folder"
"38";"ignore-by-default";"node_modules\ignore-by-default";"folder"
"39";"inherits";"node_modules\inherits";"folder"
"40";"ipaddr.js";"node_modules\ipaddr.js";"folder"
"41";"is-binary-path";"node_modules\is-binary-path";"folder"
"42";"is-extglob";"node_modules\is-extglob";"folder"
"43";"is-glob";"node_modules\is-glob";"folder"
"44";"is-number";"node_modules\is-number";"folder"
"45";"json2csv";"node_modules\json2csv";"folder"
"46";"lodash.get";"node_modules\lodash.get";"folder"
"47";"media-typer";"node_modules\media-typer";"folder"
"48";"merge-descriptors";"node_modules\merge-descriptors";"folder"
"49";"methods";"node_modules\methods";"folder"
"50";"mime";"node_modules\mime";"folder"
"51";"mime-db";"node_modules\mime-db";"folder"
"52";"mime-types";"node_modules\mime-types";"folder"
"53";"morgan";"node_modules\morgan";"folder"
"54";"ms";"node_modules\ms";"folder"
"55";"negotiator";"node_modules\negotiator";"folder"
"56";"nodemon";"node_modules\nodemon";"folder"
"57";"normalize-path";"node_modules\normalize-path";"folder"
"58";"on-finished";"node_modules\on-finished";"folder"
"59";"on-headers";"node_modules\on-headers";"folder"
"60";"parseurl";"node_modules\parseurl";"folder"
"61";"path-to-regexp";"node_modules\path-to-regexp";"folder"
"62";"picomatch";"node_modules\picomatch";"folder"
"63";"proxy-addr";"node_modules\proxy-addr";"folder"
"64";"pstree.remy";"node_modules\pstree.remy";"folder"
"65";"qs";"node_modules\qs";"folder"
"66";"range-parser";"node_modules\range-parser";"folder"
"67";"raw-body";"node_modules\raw-body";"folder"
"68";"readdirp";"node_modules\readdirp";"folder"
"69";"safe-buffer";"node_modules\safe-buffer";"folder"
"70";"safer-buffer";"node_modules\safer-buffer";"folder"
"71";"send";"node_modules\send";"folder"
"72";"serve-static";"node_modules\serve-static";"folder"
"73";"setprototypeof";"node_modules\setprototypeof";"folder"
"74";"simple-update-notifier";"node_modules\simple-update-notifier";"folder"
"75";"statuses";"node_modules\statuses";"folder"
"76";"to-regex-range";"node_modules\to-regex-range";"folder"
"77";"touch";"node_modules\touch";"folder"
"78";"type-is";"node_modules\type-is";"folder"
"79";"undefsafe";"node_modules\undefsafe";"folder"
"80";"unpipe";"node_modules\unpipe";"folder"
"81";"utils-merge";"node_modules\utils-merge";"folder"
"82";"vary";"node_modules\vary";"folder"
"83";"json2csv";"node_modules\.bin\json2csv";"file"
"84";"json2csv.cmd";"node_modules\.bin\json2csv.cmd";"file"
"85";"json2csv.ps1";"node_modules\.bin\json2csv.ps1";"file"
"86";"mime";"node_modules\.bin\mime";"file"
"87";"mime.cmd";"node_modules\.bin\mime.cmd";"file"
"88";"mime.ps1";"node_modules\.bin\mime.ps1";"file"
"89";"nodemon";"node_modules\.bin\nodemon";"file"
"90";"nodemon.cmd";"node_modules\.bin\nodemon.cmd";"file"
"91";"nodemon.ps1";"node_modules\.bin\nodemon.ps1";"file"
"92";"nodetouch";"node_modules\.bin\nodetouch";"file"
"93";"nodetouch.cmd";"node_modules\.bin\nodetouch.cmd";"file"
"94";"nodetouch.ps1";"node_modules\.bin\nodetouch.ps1";"file"
"95";"json";"node_modules\@streamparser\json";"folder"
"96";".eslintrc.js";"node_modules\@streamparser\json\.eslintrc.js";"file"
"97";".github";"node_modules\@streamparser\json\.github";"folder"
"98";"build.deno.js";"node_modules\@streamparser\json\build.deno.js";"file"
"99";"build.mjs.js";"node_modules\@streamparser\json\build.mjs.js";"file"
"100";"dist";"node_modules\@streamparser\json\dist";"folder"
"101";"LICENSE";"node_modules\@streamparser\json\LICENSE";"file"
"102";"package.json";"node_modules\@streamparser\json\package.json";"file"
"103";"performance";"node_modules\@streamparser\json\performance";"folder"
"104";"README.md";"node_modules\@streamparser\json\README.md";"file"
"105";"rollup.config.js";"node_modules\@streamparser\json\rollup.config.js";"file"
"106";"samplejson";"node_modules\@streamparser\json\samplejson";"folder"
"107";"src";"node_modules\@streamparser\json\src";"folder"
"108";"test";"node_modules\@streamparser\json\test";"folder"
"109";"tsconfig.json";"node_modules\@streamparser\json\tsconfig.json";"file"
"110";"workflows";"node_modules\@streamparser\json\.github\workflows";"folder"
"111";"on-push.yaml";"node_modules\@streamparser\json\.github\workflows\on-push.yaml";"file"
"112";"on-release.yaml";"node_modules\@streamparser\json\.github\workflows\on-release.yaml";"file"
"113";"cjs";"node_modules\@streamparser\json\dist\cjs";"folder"
"114";"deno";"node_modules\@streamparser\json\dist\deno";"folder"
"115";"mjs";"node_modules\@streamparser\json\dist\mjs";"folder"
"116";"umd";"node_modules\@streamparser\json\dist\umd";"folder"
"117";"index.d.ts";"node_modules\@streamparser\json\dist\cjs\index.d.ts";"file"
"118";"index.js";"node_modules\@streamparser\json\dist\cjs\index.js";"file"
"119";"jsonparser.d.ts";"node_modules\@streamparser\json\dist\cjs\jsonparser.d.ts";"file"
"120";"jsonparser.js";"node_modules\@streamparser\json\dist\cjs\jsonparser.js";"file"
"121";"tokenizer.d.ts";"node_modules\@streamparser\json\dist\cjs\tokenizer.d.ts";"file"
"122";"tokenizer.js";"node_modules\@streamparser\json\dist\cjs\tokenizer.js";"file"
"123";"tokenparser.d.ts";"node_modules\@streamparser\json\dist\cjs\tokenparser.d.ts";"file"
"124";"tokenparser.js";"node_modules\@streamparser\json\dist\cjs\tokenparser.js";"file"
"125";"utils";"node_modules\@streamparser\json\dist\cjs\utils";"folder"
"126";"bufferedString.d.ts";"node_modules\@streamparser\json\dist\cjs\utils\bufferedString.d.ts";"file"
"127";"bufferedString.js";"node_modules\@streamparser\json\dist\cjs\utils\bufferedString.js";"file"
"128";"constants.d.ts";"node_modules\@streamparser\json\dist\cjs\utils\constants.d.ts";"file"
"129";"constants.js";"node_modules\@streamparser\json\dist\cjs\utils\constants.js";"file"
"130";"types.d.ts";"node_modules\@streamparser\json\dist\cjs\utils\types.d.ts";"file"
"131";"types.js";"node_modules\@streamparser\json\dist\cjs\utils\types.js";"file"
"132";"utf-8.d.ts";"node_modules\@streamparser\json\dist\cjs\utils\utf-8.d.ts";"file"
"133";"utf-8.js";"node_modules\@streamparser\json\dist\cjs\utils\utf-8.js";"file"
"134";"index.ts";"node_modules\@streamparser\json\dist\deno\index.ts";"file"
"135";"jsonparser.ts";"node_modules\@streamparser\json\dist\deno\jsonparser.ts";"file"
"136";"README.md";"node_modules\@streamparser\json\dist\deno\README.md";"file"
"137";"tokenizer.ts";"node_modules\@streamparser\json\dist\deno\tokenizer.ts";"file"
"138";"tokenparser.ts";"node_modules\@streamparser\json\dist\deno\tokenparser.ts";"file"
"139";"utils";"node_modules\@streamparser\json\dist\deno\utils";"folder"
"140";"bufferedString.ts";"node_modules\@streamparser\json\dist\deno\utils\bufferedString.ts";"file"
"141";"constants.ts";"node_modules\@streamparser\json\dist\deno\utils\constants.ts";"file"
"142";"types.ts";"node_modules\@streamparser\json\dist\deno\utils\types.ts";"file"
"143";"utf-8.ts";"node_modules\@streamparser\json\dist\deno\utils\utf-8.ts";"file"
"144";"index.d.ts";"node_modules\@streamparser\json\dist\mjs\index.d.ts";"file"
"145";"jsonparser.d.ts";"node_modules\@streamparser\json\dist\mjs\jsonparser.d.ts";"file"
"146";"tokenizer.d.ts";"node_modules\@streamparser\json\dist\mjs\tokenizer.d.ts";"file"
"147";"tokenparser.d.ts";"node_modules\@streamparser\json\dist\mjs\tokenparser.d.ts";"file"
"148";"utils";"node_modules\@streamparser\json\dist\mjs\utils";"folder"
"149";"bufferedString.d.ts";"node_modules\@streamparser\json\dist\mjs\utils\bufferedString.d.ts";"file"
"150";"constants.d.ts";"node_modules\@streamparser\json\dist\mjs\utils\constants.d.ts";"file"
"151";"types.d.ts";"node_modules\@streamparser\json\dist\mjs\utils\types.d.ts";"file"
"152";"utf-8.d.ts";"node_modules\@streamparser\json\dist\mjs\utils\utf-8.d.ts";"file"
"153";"index.d.ts";"node_modules\@streamparser\json\dist\umd\index.d.ts";"file"
"154";"index.js";"node_modules\@streamparser\json\dist\umd\index.js";"file"
"155";"jsonparser.d.ts";"node_modules\@streamparser\json\dist\umd\jsonparser.d.ts";"file"
"156";"tokenizer.d.ts";"node_modules\@streamparser\json\dist\umd\tokenizer.d.ts";"file"
"157";"tokenparser.d.ts";"node_modules\@streamparser\json\dist\umd\tokenparser.d.ts";"file"
"158";"utils";"node_modules\@streamparser\json\dist\umd\utils";"folder"
"159";"bufferedString.d.ts";"node_modules\@streamparser\json\dist\umd\utils\bufferedString.d.ts";"file"
"160";"constants.d.ts";"node_modules\@streamparser\json\dist\umd\utils\constants.d.ts";"file"
"161";"types.d.ts";"node_modules\@streamparser\json\dist\umd\utils\types.d.ts";"file"
"162";"utf-8.d.ts";"node_modules\@streamparser\json\dist\umd\utils\utf-8.d.ts";"file"
"163";"index.deno.ts";"node_modules\@streamparser\json\performance\index.deno.ts";"file"
"164";"index.node.mjs";"node_modules\@streamparser\json\performance\index.node.mjs";"file"
"165";"package-lock.json";"node_modules\@streamparser\json\performance\package-lock.json";"file"
"166";"package.json";"node_modules\@streamparser\json\performance\package.json";"file"
"167";"basic-no-numbers.json";"node_modules\@streamparser\json\samplejson\basic-no-numbers.json";"file"
"168";"basic.json";"node_modules\@streamparser\json\samplejson\basic.json";"file"
"169";"index.ts";"node_modules\@streamparser\json\src\index.ts";"file"
"170";"jsonparser.ts";"node_modules\@streamparser\json\src\jsonparser.ts";"file"
"171";"tokenizer.ts";"node_modules\@streamparser\json\src\tokenizer.ts";"file"
"172";"tokenparser.ts";"node_modules\@streamparser\json\src\tokenparser.ts";"file"
"173";"utils";"node_modules\@streamparser\json\src\utils";"folder"
"174";"bufferedString.ts";"node_modules\@streamparser\json\src\utils\bufferedString.ts";"file"
"175";"constants.ts";"node_modules\@streamparser\json\src\utils\constants.ts";"file"
"176";"types.ts";"node_modules\@streamparser\json\src\utils\types.ts";"file"
"177";"utf-8.ts";"node_modules\@streamparser\json\src\utils\utf-8.ts";"file"
"178";"callbacks.ts";"node_modules\@streamparser\json\test\callbacks.ts";"file"
"179";"end.ts";"node_modules\@streamparser\json\test\end.ts";"file"
"180";"inputs.ts";"node_modules\@streamparser\json\test\inputs.ts";"file"
"181";"keepStack.ts";"node_modules\@streamparser\json\test\keepStack.ts";"file"
"182";"offset.ts";"node_modules\@streamparser\json\test\offset.ts";"file"
"183";"performance.ts";"node_modules\@streamparser\json\test\performance.ts";"file"
"184";"selectors.ts";"node_modules\@streamparser\json\test\selectors.ts";"file"
"185";"separator.ts";"node_modules\@streamparser\json\test\separator.ts";"file"
"186";"types";"node_modules\@streamparser\json\test\types";"folder"
"187";"arrays.ts";"node_modules\@streamparser\json\test\types\arrays.ts";"file"
"188";"booleans.ts";"node_modules\@streamparser\json\test\types\booleans.ts";"file"
"189";"null.ts";"node_modules\@streamparser\json\test\types\null.ts";"file"
"190";"numbers.ts";"node_modules\@streamparser\json\test\types\numbers.ts";"file"
"191";"objects.ts";"node_modules\@streamparser\json\test\types\objects.ts";"file"
"192";"strings.ts";"node_modules\@streamparser\json\test\types\strings.ts";"file"
"193";"abbrev.js";"node_modules\abbrev\abbrev.js";"file"
"194";"LICENSE";"node_modules\abbrev\LICENSE";"file"
"195";"package.json";"node_modules\abbrev\package.json";"file"
"196";"README.md";"node_modules\abbrev\README.md";"file"
"197";"HISTORY.md";"node_modules\accepts\HISTORY.md";"file"
"198";"index.js";"node_modules\accepts\index.js";"file"
"199";"LICENSE";"node_modules\accepts\LICENSE";"file"
"200";"package.json";"node_modules\accepts\package.json";"file"
"201";"README.md";"node_modules\accepts\README.md";"file"
"202";"index.d.ts";"node_modules\anymatch\index.d.ts";"file"
"203";"index.js";"node_modules\anymatch\index.js";"file"
"204";"LICENSE";"node_modules\anymatch\LICENSE";"file"
"205";"package.json";"node_modules\anymatch\package.json";"file"
"206";"README.md";"node_modules\anymatch\README.md";"file"
"207";"array-flatten.js";"node_modules\array-flatten\array-flatten.js";"file"
"208";"LICENSE";"node_modules\array-flatten\LICENSE";"file"
"209";"package.json";"node_modules\array-flatten\package.json";"file"
"210";"README.md";"node_modules\array-flatten\README.md";"file"
"211";".github";"node_modules\balanced-match\.github";"folder"
"212";"index.js";"node_modules\balanced-match\index.js";"file"
"213";"LICENSE.md";"node_modules\balanced-match\LICENSE.md";"file"
"214";"package.json";"node_modules\balanced-match\package.json";"file"
"215";"README.md";"node_modules\balanced-match\README.md";"file"
"216";"FUNDING.yml";"node_modules\balanced-match\.github\FUNDING.yml";"file"
"217";"HISTORY.md";"node_modules\basic-auth\HISTORY.md";"file"
"218";"index.js";"node_modules\basic-auth\index.js";"file"
"219";"LICENSE";"node_modules\basic-auth\LICENSE";"file"
"220";"package.json";"node_modules\basic-auth\package.json";"file"
"221";"README.md";"node_modules\basic-auth\README.md";"file"
"222";"binary-extensions.json";"node_modules\binary-extensions\binary-extensions.json";"file"
"223";"binary-extensions.json.d.ts";"node_modules\binary-extensions\binary-extensions.json.d.ts";"file"
"224";"index.d.ts";"node_modules\binary-extensions\index.d.ts";"file"
"225";"index.js";"node_modules\binary-extensions\index.js";"file"
"226";"license";"node_modules\binary-extensions\license";"file"
"227";"package.json";"node_modules\binary-extensions\package.json";"file"
"228";"readme.md";"node_modules\binary-extensions\readme.md";"file"
"229";"HISTORY.md";"node_modules\body-parser\HISTORY.md";"file"
"230";"index.js";"node_modules\body-parser\index.js";"file"
"231";"lib";"node_modules\body-parser\lib";"folder"
"232";"LICENSE";"node_modules\body-parser\LICENSE";"file"
"233";"package.json";"node_modules\body-parser\package.json";"file"
"234";"README.md";"node_modules\body-parser\README.md";"file"
"235";"read.js";"node_modules\body-parser\lib\read.js";"file"
"236";"types";"node_modules\body-parser\lib\types";"folder"
"237";"json.js";"node_modules\body-parser\lib\types\json.js";"file"
"238";"raw.js";"node_modules\body-parser\lib\types\raw.js";"file"
"239";"text.js";"node_modules\body-parser\lib\types\text.js";"file"
"240";"urlencoded.js";"node_modules\body-parser\lib\types\urlencoded.js";"file"
"241";"index.js";"node_modules\brace-expansion\index.js";"file"
"242";"LICENSE";"node_modules\brace-expansion\LICENSE";"file"
"243";"package.json";"node_modules\brace-expansion\package.json";"file"
"244";"README.md";"node_modules\brace-expansion\README.md";"file"
"245";"CHANGELOG.md";"node_modules\braces\CHANGELOG.md";"file"
"246";"index.js";"node_modules\braces\index.js";"file"
"247";"lib";"node_modules\braces\lib";"folder"
"248";"LICENSE";"node_modules\braces\LICENSE";"file"
"249";"package.json";"node_modules\braces\package.json";"file"
"250";"README.md";"node_modules\braces\README.md";"file"
"251";"compile.js";"node_modules\braces\lib\compile.js";"file"
"252";"constants.js";"node_modules\braces\lib\constants.js";"file"
"253";"expand.js";"node_modules\braces\lib\expand.js";"file"
"254";"parse.js";"node_modules\braces\lib\parse.js";"file"
"255";"stringify.js";"node_modules\braces\lib\stringify.js";"file"
"256";"utils.js";"node_modules\braces\lib\utils.js";"file"
"257";"History.md";"node_modules\bytes\History.md";"file"
"258";"index.js";"node_modules\bytes\index.js";"file"
"259";"LICENSE";"node_modules\bytes\LICENSE";"file"
"260";"package.json";"node_modules\bytes\package.json";"file"
"261";"Readme.md";"node_modules\bytes\Readme.md";"file"
"262";"index.js";"node_modules\chokidar\index.js";"file"
"263";"lib";"node_modules\chokidar\lib";"folder"
"264";"LICENSE";"node_modules\chokidar\LICENSE";"file"
"265";"package.json";"node_modules\chokidar\package.json";"file"
"266";"README.md";"node_modules\chokidar\README.md";"file"
"267";"types";"node_modules\chokidar\types";"folder"
"268";"constants.js";"node_modules\chokidar\lib\constants.js";"file"
"269";"fsevents-handler.js";"node_modules\chokidar\lib\fsevents-handler.js";"file"
"270";"nodefs-handler.js";"node_modules\chokidar\lib\nodefs-handler.js";"file"
"271";"index.d.ts";"node_modules\chokidar\types\index.d.ts";"file"
"272";"CHANGELOG.md";"node_modules\commander\CHANGELOG.md";"file"
"273";"index.js";"node_modules\commander\index.js";"file"
"274";"LICENSE";"node_modules\commander\LICENSE";"file"
"275";"package.json";"node_modules\commander\package.json";"file"
"276";"Readme.md";"node_modules\commander\Readme.md";"file"
"277";"typings";"node_modules\commander\typings";"folder"
"278";"index.d.ts";"node_modules\commander\typings\index.d.ts";"file"
"279";".travis.yml";"node_modules\concat-map\.travis.yml";"file"
"280";"example";"node_modules\concat-map\example";"folder"
"281";"index.js";"node_modules\concat-map\index.js";"file"
"282";"LICENSE";"node_modules\concat-map\LICENSE";"file"
"283";"package.json";"node_modules\concat-map\package.json";"file"
"284";"README.markdown";"node_modules\concat-map\README.markdown";"file"
"285";"test";"node_modules\concat-map\test";"folder"
"286";"map.js";"node_modules\concat-map\example\map.js";"file"
"287";"map.js";"node_modules\concat-map\test\map.js";"file"
"288";"HISTORY.md";"node_modules\content-disposition\HISTORY.md";"file"
"289";"index.js";"node_modules\content-disposition\index.js";"file"
"290";"LICENSE";"node_modules\content-disposition\LICENSE";"file"
"291";"package.json";"node_modules\content-disposition\package.json";"file"
"292";"README.md";"node_modules\content-disposition\README.md";"file"
"293";"HISTORY.md";"node_modules\content-type\HISTORY.md";"file"
"294";"index.js";"node_modules\content-type\index.js";"file"
"295";"LICENSE";"node_modules\content-type\LICENSE";"file"
"296";"package.json";"node_modules\content-type\package.json";"file"
"297";"README.md";"node_modules\content-type\README.md";"file"
"298";"HISTORY.md";"node_modules\cookie\HISTORY.md";"file"
"299";"index.js";"node_modules\cookie\index.js";"file"
"300";"LICENSE";"node_modules\cookie\LICENSE";"file"
"301";"package.json";"node_modules\cookie\package.json";"file"
"302";"README.md";"node_modules\cookie\README.md";"file"
"303";"HISTORY.md";"node_modules\cookie-parser\HISTORY.md";"file"
"304";"index.js";"node_modules\cookie-parser\index.js";"file"
"305";"LICENSE";"node_modules\cookie-parser\LICENSE";"file"
"306";"package.json";"node_modules\cookie-parser\package.json";"file"
"307";"README.md";"node_modules\cookie-parser\README.md";"file"
"308";".npmignore";"node_modules\cookie-signature\.npmignore";"file"
"309";"History.md";"node_modules\cookie-signature\History.md";"file"
"310";"index.js";"node_modules\cookie-signature\index.js";"file"
"311";"package.json";"node_modules\cookie-signature\package.json";"file"
"312";"Readme.md";"node_modules\cookie-signature\Readme.md";"file"
"313";".coveralls.yml";"node_modules\debug\.coveralls.yml";"file"
"314";".eslintrc";"node_modules\debug\.eslintrc";"file"
"315";".npmignore";"node_modules\debug\.npmignore";"file"
"316";".travis.yml";"node_modules\debug\.travis.yml";"file"
"317";"CHANGELOG.md";"node_modules\debug\CHANGELOG.md";"file"
"318";"component.json";"node_modules\debug\component.json";"file"
"319";"karma.conf.js";"node_modules\debug\karma.conf.js";"file"
"320";"LICENSE";"node_modules\debug\LICENSE";"file"
"321";"Makefile";"node_modules\debug\Makefile";"file"
"322";"node.js";"node_modules\debug\node.js";"file"
"323";"package.json";"node_modules\debug\package.json";"file"
"324";"README.md";"node_modules\debug\README.md";"file"
"325";"src";"node_modules\debug\src";"folder"
"326";"browser.js";"node_modules\debug\src\browser.js";"file"
"327";"debug.js";"node_modules\debug\src\debug.js";"file"
"328";"index.js";"node_modules\debug\src\index.js";"file"
"329";"inspector-log.js";"node_modules\debug\src\inspector-log.js";"file"
"330";"node.js";"node_modules\debug\src\node.js";"file"
"331";"History.md";"node_modules\depd\History.md";"file"
"332";"index.js";"node_modules\depd\index.js";"file"
"333";"lib";"node_modules\depd\lib";"folder"
"334";"LICENSE";"node_modules\depd\LICENSE";"file"
"335";"package.json";"node_modules\depd\package.json";"file"
"336";"Readme.md";"node_modules\depd\Readme.md";"file"
"337";"browser";"node_modules\depd\lib\browser";"folder"
"338";"compat";"node_modules\depd\lib\compat";"folder"
"339";"index.js";"node_modules\depd\lib\browser\index.js";"file"
"340";"callsite-tostring.js";"node_modules\depd\lib\compat\callsite-tostring.js";"file"
"341";"event-listener-count.js";"node_modules\depd\lib\compat\event-listener-count.js";"file"
"342";"index.js";"node_modules\depd\lib\compat\index.js";"file"
"343";"index.js";"node_modules\destroy\index.js";"file"
"344";"LICENSE";"node_modules\destroy\LICENSE";"file"
"345";"package.json";"node_modules\destroy\package.json";"file"
"346";"README.md";"node_modules\destroy\README.md";"file"
"347";"index.js";"node_modules\ee-first\index.js";"file"
"348";"LICENSE";"node_modules\ee-first\LICENSE";"file"
"349";"package.json";"node_modules\ee-first\package.json";"file"
"350";"README.md";"node_modules\ee-first\README.md";"file"
"351";"HISTORY.md";"node_modules\encodeurl\HISTORY.md";"file"
"352";"index.js";"node_modules\encodeurl\index.js";"file"
"353";"LICENSE";"node_modules\encodeurl\LICENSE";"file"
"354";"package.json";"node_modules\encodeurl\package.json";"file"
"355";"README.md";"node_modules\encodeurl\README.md";"file"
"356";"index.js";"node_modules\escape-html\index.js";"file"
"357";"LICENSE";"node_modules\escape-html\LICENSE";"file"
"358";"package.json";"node_modules\escape-html\package.json";"file"
"359";"Readme.md";"node_modules\escape-html\Readme.md";"file"
"360";"HISTORY.md";"node_modules\etag\HISTORY.md";"file"
"361";"index.js";"node_modules\etag\index.js";"file"
"362";"LICENSE";"node_modules\etag\LICENSE";"file"
"363";"package.json";"node_modules\etag\package.json";"file"
"364";"README.md";"node_modules\etag\README.md";"file"
"365";"History.md";"node_modules\express\History.md";"file"
"366";"index.js";"node_modules\express\index.js";"file"
"367";"lib";"node_modules\express\lib";"folder"
"368";"LICENSE";"node_modules\express\LICENSE";"file"
"369";"node_modules";"node_modules\express\node_modules";"folder"
"370";"package.json";"node_modules\express\package.json";"file"
"371";"Readme.md";"node_modules\express\Readme.md";"file"
"372";"application.js";"node_modules\express\lib\application.js";"file"
"373";"express.js";"node_modules\express\lib\express.js";"file"
"374";"middleware";"node_modules\express\lib\middleware";"folder"
"375";"request.js";"node_modules\express\lib\request.js";"file"
"376";"response.js";"node_modules\express\lib\response.js";"file"
"377";"router";"node_modules\express\lib\router";"folder"
"378";"utils.js";"node_modules\express\lib\utils.js";"file"
"379";"view.js";"node_modules\express\lib\view.js";"file"
"380";"init.js";"node_modules\express\lib\middleware\init.js";"file"
"381";"query.js";"node_modules\express\lib\middleware\query.js";"file"
"382";"index.js";"node_modules\express\lib\router\index.js";"file"
"383";"layer.js";"node_modules\express\lib\router\layer.js";"file"
"384";"route.js";"node_modules\express\lib\router\route.js";"file"
"385";"cookie";"node_modules\express\node_modules\cookie";"folder"
"386";"HISTORY.md";"node_modules\express\node_modules\cookie\HISTORY.md";"file"
"387";"index.js";"node_modules\express\node_modules\cookie\index.js";"file"
"388";"LICENSE";"node_modules\express\node_modules\cookie\LICENSE";"file"
"389";"package.json";"node_modules\express\node_modules\cookie\package.json";"file"
"390";"README.md";"node_modules\express\node_modules\cookie\README.md";"file"
"391";"index.js";"node_modules\fill-range\index.js";"file"
"392";"LICENSE";"node_modules\fill-range\LICENSE";"file"
"393";"package.json";"node_modules\fill-range\package.json";"file"
"394";"README.md";"node_modules\fill-range\README.md";"file"
"395";"HISTORY.md";"node_modules\finalhandler\HISTORY.md";"file"
"396";"index.js";"node_modules\finalhandler\index.js";"file"
"397";"LICENSE";"node_modules\finalhandler\LICENSE";"file"
"398";"package.json";"node_modules\finalhandler\package.json";"file"
"399";"README.md";"node_modules\finalhandler\README.md";"file"
"400";"HISTORY.md";"node_modules\forwarded\HISTORY.md";"file"
"401";"index.js";"node_modules\forwarded\index.js";"file"
"402";"LICENSE";"node_modules\forwarded\LICENSE";"file"
"403";"package.json";"node_modules\forwarded\package.json";"file"
"404";"README.md";"node_modules\forwarded\README.md";"file"
"405";"HISTORY.md";"node_modules\fresh\HISTORY.md";"file"
"406";"index.js";"node_modules\fresh\index.js";"file"
"407";"LICENSE";"node_modules\fresh\LICENSE";"file"
"408";"package.json";"node_modules\fresh\package.json";"file"
"409";"README.md";"node_modules\fresh\README.md";"file"
"410";"CHANGELOG.md";"node_modules\glob-parent\CHANGELOG.md";"file"
"411";"index.js";"node_modules\glob-parent\index.js";"file"
"412";"LICENSE";"node_modules\glob-parent\LICENSE";"file"
"413";"package.json";"node_modules\glob-parent\package.json";"file"
"414";"README.md";"node_modules\glob-parent\README.md";"file"
"415";"index.js";"node_modules\has-flag\index.js";"file"
"416";"license";"node_modules\has-flag\license";"file"
"417";"package.json";"node_modules\has-flag\package.json";"file"
"418";"readme.md";"node_modules\has-flag\readme.md";"file"
"419";"HISTORY.md";"node_modules\http-errors\HISTORY.md";"file"
"420";"index.js";"node_modules\http-errors\index.js";"file"
"421";"LICENSE";"node_modules\http-errors\LICENSE";"file"
"422";"package.json";"node_modules\http-errors\package.json";"file"
"423";"README.md";"node_modules\http-errors\README.md";"file"
"424";".travis.yml";"node_modules\iconv-lite\.travis.yml";"file"
"425";"Changelog.md";"node_modules\iconv-lite\Changelog.md";"file"
"426";"encodings";"node_modules\iconv-lite\encodings";"folder"
"427";"lib";"node_modules\iconv-lite\lib";"folder"
"428";"LICENSE";"node_modules\iconv-lite\LICENSE";"file"
"429";"package.json";"node_modules\iconv-lite\package.json";"file"
"430";"README.md";"node_modules\iconv-lite\README.md";"file"
"431";"dbcs-codec.js";"node_modules\iconv-lite\encodings\dbcs-codec.js";"file"
"432";"dbcs-data.js";"node_modules\iconv-lite\encodings\dbcs-data.js";"file"
"433";"index.js";"node_modules\iconv-lite\encodings\index.js";"file"
"434";"internal.js";"node_modules\iconv-lite\encodings\internal.js";"file"
"435";"sbcs-codec.js";"node_modules\iconv-lite\encodings\sbcs-codec.js";"file"
"436";"sbcs-data-generated.js";"node_modules\iconv-lite\encodings\sbcs-data-generated.js";"file"
"437";"sbcs-data.js";"node_modules\iconv-lite\encodings\sbcs-data.js";"file"
"438";"tables";"node_modules\iconv-lite\encodings\tables";"folder"
"439";"utf16.js";"node_modules\iconv-lite\encodings\utf16.js";"file"
"440";"utf7.js";"node_modules\iconv-lite\encodings\utf7.js";"file"
"441";"big5-added.json";"node_modules\iconv-lite\encodings\tables\big5-added.json";"file"
"442";"cp936.json";"node_modules\iconv-lite\encodings\tables\cp936.json";"file"
"443";"cp949.json";"node_modules\iconv-lite\encodings\tables\cp949.json";"file"
"444";"cp950.json";"node_modules\iconv-lite\encodings\tables\cp950.json";"file"
"445";"eucjp.json";"node_modules\iconv-lite\encodings\tables\eucjp.json";"file"
"446";"gb18030-ranges.json";"node_modules\iconv-lite\encodings\tables\gb18030-ranges.json";"file"
"447";"gbk-added.json";"node_modules\iconv-lite\encodings\tables\gbk-added.json";"file"
"448";"shiftjis.json";"node_modules\iconv-lite\encodings\tables\shiftjis.json";"file"
"449";"bom-handling.js";"node_modules\iconv-lite\lib\bom-handling.js";"file"
"450";"extend-node.js";"node_modules\iconv-lite\lib\extend-node.js";"file"
"451";"index.d.ts";"node_modules\iconv-lite\lib\index.d.ts";"file"
"452";"index.js";"node_modules\iconv-lite\lib\index.js";"file"
"453";"streams.js";"node_modules\iconv-lite\lib\streams.js";"file"
"454";"index.js";"node_modules\ignore-by-default\index.js";"file"
"455";"LICENSE";"node_modules\ignore-by-default\LICENSE";"file"
"456";"package.json";"node_modules\ignore-by-default\package.json";"file"
"457";"README.md";"node_modules\ignore-by-default\README.md";"file"
"458";"inherits.js";"node_modules\inherits\inherits.js";"file"
"459";"inherits_browser.js";"node_modules\inherits\inherits_browser.js";"file"
"460";"LICENSE";"node_modules\inherits\LICENSE";"file"
"461";"package.json";"node_modules\inherits\package.json";"file"
"462";"README.md";"node_modules\inherits\README.md";"file"
"463";"ipaddr.min.js";"node_modules\ipaddr.js\ipaddr.min.js";"file"
"464";"lib";"node_modules\ipaddr.js\lib";"folder"
"465";"LICENSE";"node_modules\ipaddr.js\LICENSE";"file"
"466";"package.json";"node_modules\ipaddr.js\package.json";"file"
"467";"README.md";"node_modules\ipaddr.js\README.md";"file"
"468";"ipaddr.js";"node_modules\ipaddr.js\lib\ipaddr.js";"file"
"469";"ipaddr.js.d.ts";"node_modules\ipaddr.js\lib\ipaddr.js.d.ts";"file"
"470";"index.d.ts";"node_modules\is-binary-path\index.d.ts";"file"
"471";"index.js";"node_modules\is-binary-path\index.js";"file"
"472";"license";"node_modules\is-binary-path\license";"file"
"473";"package.json";"node_modules\is-binary-path\package.json";"file"
"474";"readme.md";"node_modules\is-binary-path\readme.md";"file"
"475";"index.js";"node_modules\is-extglob\index.js";"file"
"476";"LICENSE";"node_modules\is-extglob\LICENSE";"file"
"477";"package.json";"node_modules\is-extglob\package.json";"file"
"478";"README.md";"node_modules\is-extglob\README.md";"file"
"479";"index.js";"node_modules\is-glob\index.js";"file"
"480";"LICENSE";"node_modules\is-glob\LICENSE";"file"
"481";"package.json";"node_modules\is-glob\package.json";"file"
"482";"README.md";"node_modules\is-glob\README.md";"file"
"483";"index.js";"node_modules\is-number\index.js";"file"
"484";"LICENSE";"node_modules\is-number\LICENSE";"file"
"485";"package.json";"node_modules\is-number\package.json";"file"
"486";"README.md";"node_modules\is-number\README.md";"file"
"487";".eslintrc";"node_modules\json2csv\.eslintrc";"file"
"488";".gitattributes";"node_modules\json2csv\.gitattributes";"file"
"489";".prettierrc.js";"node_modules\json2csv\.prettierrc.js";"file"
"490";"bin";"node_modules\json2csv\bin";"folder"
"491";"docs";"node_modules\json2csv\docs";"folder"
"492";"lib";"node_modules\json2csv\lib";"folder"
"493";"LICENSE.md";"node_modules\json2csv\LICENSE.md";"file"
"494";"package.json";"node_modules\json2csv\package.json";"file"
"495";"README.md";"node_modules\json2csv\README.md";"file"
"496";"rollup.config.js";"node_modules\json2csv\rollup.config.js";"file"
"497";"json2csv.js";"node_modules\json2csv\bin\json2csv.js";"file"
"498";"utils";"node_modules\json2csv\bin\utils";"folder"
"499";"parseNdjson.js";"node_modules\json2csv\bin\utils\parseNdjson.js";"file"
"500";"TablePrinter.js";"node_modules\json2csv\bin\utils\TablePrinter.js";"file"
"501";"cli-examples.md";"node_modules\json2csv\docs\cli-examples.md";"file"
"502";"parser-examples.md";"node_modules\json2csv\docs\parser-examples.md";"file"
"503";"formatters";"node_modules\json2csv\lib\formatters";"folder"
"504";"json2csv.js";"node_modules\json2csv\lib\json2csv.js";"file"
"505";"JSON2CSVAsyncParser.js";"node_modules\json2csv\lib\JSON2CSVAsyncParser.js";"file"
"506";"JSON2CSVBase.js";"node_modules\json2csv\lib\JSON2CSVBase.js";"file"
"507";"JSON2CSVParser.js";"node_modules\json2csv\lib\JSON2CSVParser.js";"file"
"508";"JSON2CSVStreamParser.js";"node_modules\json2csv\lib\JSON2CSVStreamParser.js";"file"
"509";"JSON2CSVTransform.js";"node_modules\json2csv\lib\JSON2CSVTransform.js";"file"
"510";"transforms";"node_modules\json2csv\lib\transforms";"folder"
"511";"utils.js";"node_modules\json2csv\lib\utils.js";"file"
"512";"default.js";"node_modules\json2csv\lib\formatters\default.js";"file"
"513";"number.js";"node_modules\json2csv\lib\formatters\number.js";"file"
"514";"object.js";"node_modules\json2csv\lib\formatters\object.js";"file"
"515";"string.js";"node_modules\json2csv\lib\formatters\string.js";"file"
"516";"stringExcel.js";"node_modules\json2csv\lib\formatters\stringExcel.js";"file"
"517";"stringQuoteOnlyIfNecessary.js";"node_modules\json2csv\lib\formatters\stringQuoteOnlyIfNecessary.js";"file"
"518";"symbol.js";"node_modules\json2csv\lib\formatters\symbol.js";"file"
"519";"flatten.js";"node_modules\json2csv\lib\transforms\flatten.js";"file"
"520";"unwind.js";"node_modules\json2csv\lib\transforms\unwind.js";"file"
"521";"index.js";"node_modules\lodash.get\index.js";"file"
"522";"LICENSE";"node_modules\lodash.get\LICENSE";"file"
"523";"package.json";"node_modules\lodash.get\package.json";"file"
"524";"README.md";"node_modules\lodash.get\README.md";"file"
"525";"HISTORY.md";"node_modules\media-typer\HISTORY.md";"file"
"526";"index.js";"node_modules\media-typer\index.js";"file"
"527";"LICENSE";"node_modules\media-typer\LICENSE";"file"
"528";"package.json";"node_modules\media-typer\package.json";"file"
"529";"README.md";"node_modules\media-typer\README.md";"file"
"530";"HISTORY.md";"node_modules\merge-descriptors\HISTORY.md";"file"
"531";"index.js";"node_modules\merge-descriptors\index.js";"file"
"532";"LICENSE";"node_modules\merge-descriptors\LICENSE";"file"
"533";"package.json";"node_modules\merge-descriptors\package.json";"file"
"534";"README.md";"node_modules\merge-descriptors\README.md";"file"
"535";"HISTORY.md";"node_modules\methods\HISTORY.md";"file"
"536";"index.js";"node_modules\methods\index.js";"file"
"537";"LICENSE";"node_modules\methods\LICENSE";"file"
"538";"package.json";"node_modules\methods\package.json";"file"
"539";"README.md";"node_modules\methods\README.md";"file"
"540";"build";"node_modules\mime\build";"folder"
"541";"cli.js";"node_modules\mime\cli.js";"file"
"542";"LICENSE";"node_modules\mime\LICENSE";"file"
"543";"mime.js";"node_modules\mime\mime.js";"file"
"544";"package.json";"node_modules\mime\package.json";"file"
"545";"README.md";"node_modules\mime\README.md";"file"
"546";"types.json";"node_modules\mime\types.json";"file"
"547";"build.js";"node_modules\mime\build\build.js";"file"
"548";"test.js";"node_modules\mime\build\test.js";"file"
"549";"db.json";"node_modules\mime-db\db.json";"file"
"550";"HISTORY.md";"node_modules\mime-db\HISTORY.md";"file"
"551";"index.js";"node_modules\mime-db\index.js";"file"
"552";"LICENSE";"node_modules\mime-db\LICENSE";"file"
"553";"package.json";"node_modules\mime-db\package.json";"file"
"554";"README.md";"node_modules\mime-db\README.md";"file"
"555";"HISTORY.md";"node_modules\mime-types\HISTORY.md";"file"
"556";"index.js";"node_modules\mime-types\index.js";"file"
"557";"LICENSE";"node_modules\mime-types\LICENSE";"file"
"558";"package.json";"node_modules\mime-types\package.json";"file"
"559";"README.md";"node_modules\mime-types\README.md";"file"
"560";"HISTORY.md";"node_modules\morgan\HISTORY.md";"file"
"561";"index.js";"node_modules\morgan\index.js";"file"
"562";"LICENSE";"node_modules\morgan\LICENSE";"file"
"563";"package.json";"node_modules\morgan\package.json";"file"
"564";"README.md";"node_modules\morgan\README.md";"file"
"565";"index.js";"node_modules\ms\index.js";"file"
"566";"license.md";"node_modules\ms\license.md";"file"
"567";"package.json";"node_modules\ms\package.json";"file"
"568";"readme.md";"node_modules\ms\readme.md";"file"
"569";"HISTORY.md";"node_modules\negotiator\HISTORY.md";"file"
"570";"index.js";"node_modules\negotiator\index.js";"file"
"571";"lib";"node_modules\negotiator\lib";"folder"
"572";"LICENSE";"node_modules\negotiator\LICENSE";"file"
"573";"package.json";"node_modules\negotiator\package.json";"file"
"574";"README.md";"node_modules\negotiator\README.md";"file"
"575";"charset.js";"node_modules\negotiator\lib\charset.js";"file"
"576";"encoding.js";"node_modules\negotiator\lib\encoding.js";"file"
"577";"language.js";"node_modules\negotiator\lib\language.js";"file"
"578";"mediaType.js";"node_modules\negotiator\lib\mediaType.js";"file"
"579";".prettierrc.json";"node_modules\nodemon\.prettierrc.json";"file"
"580";"bin";"node_modules\nodemon\bin";"folder"
"581";"doc";"node_modules\nodemon\doc";"folder"
"582";"lib";"node_modules\nodemon\lib";"folder"
"583";"LICENSE";"node_modules\nodemon\LICENSE";"file"
"584";"node_modules";"node_modules\nodemon\node_modules";"folder"
"585";"package.json";"node_modules\nodemon\package.json";"file"
"586";"README.md";"node_modules\nodemon\README.md";"file"
"587";"nodemon.js";"node_modules\nodemon\bin\nodemon.js";"file"
"588";"windows-kill.exe";"node_modules\nodemon\bin\windows-kill.exe";"file"
"589";"cli";"node_modules\nodemon\doc\cli";"folder"
"590";"authors.txt";"node_modules\nodemon\doc\cli\authors.txt";"file"
"591";"config.txt";"node_modules\nodemon\doc\cli\config.txt";"file"
"592";"help.txt";"node_modules\nodemon\doc\cli\help.txt";"file"
"593";"logo.txt";"node_modules\nodemon\doc\cli\logo.txt";"file"
"594";"options.txt";"node_modules\nodemon\doc\cli\options.txt";"file"
"595";"topics.txt";"node_modules\nodemon\doc\cli\topics.txt";"file"
"596";"usage.txt";"node_modules\nodemon\doc\cli\usage.txt";"file"
"597";"whoami.txt";"node_modules\nodemon\doc\cli\whoami.txt";"file"
"598";"cli";"node_modules\nodemon\lib\cli";"folder"
"599";"config";"node_modules\nodemon\lib\config";"folder"
"600";"help";"node_modules\nodemon\lib\help";"folder"
"601";"index.js";"node_modules\nodemon\lib\index.js";"file"
"602";"monitor";"node_modules\nodemon\lib\monitor";"folder"
"603";"nodemon.js";"node_modules\nodemon\lib\nodemon.js";"file"
"604";"rules";"node_modules\nodemon\lib\rules";"folder"
"605";"spawn.js";"node_modules\nodemon\lib\spawn.js";"file"
"606";"utils";"node_modules\nodemon\lib\utils";"folder"
"607";"version.js";"node_modules\nodemon\lib\version.js";"file"
"608";"index.js";"node_modules\nodemon\lib\cli\index.js";"file"
"609";"parse.js";"node_modules\nodemon\lib\cli\parse.js";"file"
"610";"command.js";"node_modules\nodemon\lib\config\command.js";"file"
"611";"defaults.js";"node_modules\nodemon\lib\config\defaults.js";"file"
"612";"exec.js";"node_modules\nodemon\lib\config\exec.js";"file"
"613";"index.js";"node_modules\nodemon\lib\config\index.js";"file"
"614";"load.js";"node_modules\nodemon\lib\config\load.js";"file"
"615";"index.js";"node_modules\nodemon\lib\help\index.js";"file"
"616";"index.js";"node_modules\nodemon\lib\monitor\index.js";"file"
"617";"match.js";"node_modules\nodemon\lib\monitor\match.js";"file"
"618";"run.js";"node_modules\nodemon\lib\monitor\run.js";"file"
"619";"signals.js";"node_modules\nodemon\lib\monitor\signals.js";"file"
"620";"watch.js";"node_modules\nodemon\lib\monitor\watch.js";"file"
"621";"add.js";"node_modules\nodemon\lib\rules\add.js";"file"
"622";"index.js";"node_modules\nodemon\lib\rules\index.js";"file"
"623";"parse.js";"node_modules\nodemon\lib\rules\parse.js";"file"
"624";"bus.js";"node_modules\nodemon\lib\utils\bus.js";"file"
"625";"clone.js";"node_modules\nodemon\lib\utils\clone.js";"file"
"626";"colour.js";"node_modules\nodemon\lib\utils\colour.js";"file"
"627";"index.js";"node_modules\nodemon\lib\utils\index.js";"file"
"628";"log.js";"node_modules\nodemon\lib\utils\log.js";"file"
"629";"merge.js";"node_modules\nodemon\lib\utils\merge.js";"file"
"630";".bin";"node_modules\nodemon\node_modules\.bin";"folder"
"631";"debug";"node_modules\nodemon\node_modules\debug";"folder"
"632";"lru-cache";"node_modules\nodemon\node_modules\lru-cache";"folder"
"633";"minimatch";"node_modules\nodemon\node_modules\minimatch";"folder"
"634";"ms";"node_modules\nodemon\node_modules\ms";"folder"
"635";"semver";"node_modules\nodemon\node_modules\semver";"folder"
"636";"supports-color";"node_modules\nodemon\node_modules\supports-color";"folder"
"637";"yallist";"node_modules\nodemon\node_modules\yallist";"folder"
"638";"semver";"node_modules\nodemon\node_modules\.bin\semver";"file"
"639";"semver.cmd";"node_modules\nodemon\node_modules\.bin\semver.cmd";"file"
"640";"semver.ps1";"node_modules\nodemon\node_modules\.bin\semver.ps1";"file"
"641";"LICENSE";"node_modules\nodemon\node_modules\debug\LICENSE";"file"
"642";"package.json";"node_modules\nodemon\node_modules\debug\package.json";"file"
"643";"README.md";"node_modules\nodemon\node_modules\debug\README.md";"file"
"644";"src";"node_modules\nodemon\node_modules\debug\src";"folder"
"645";"browser.js";"node_modules\nodemon\node_modules\debug\src\browser.js";"file"
"646";"common.js";"node_modules\nodemon\node_modules\debug\src\common.js";"file"
"647";"index.js";"node_modules\nodemon\node_modules\debug\src\index.js";"file"
"648";"node.js";"node_modules\nodemon\node_modules\debug\src\node.js";"file"
"649";"index.js";"node_modules\nodemon\node_modules\lru-cache\index.js";"file"
"650";"LICENSE";"node_modules\nodemon\node_modules\lru-cache\LICENSE";"file"
"651";"package.json";"node_modules\nodemon\node_modules\lru-cache\package.json";"file"
"652";"README.md";"node_modules\nodemon\node_modules\lru-cache\README.md";"file"
"653";"LICENSE";"node_modules\nodemon\node_modules\minimatch\LICENSE";"file"
"654";"minimatch.js";"node_modules\nodemon\node_modules\minimatch\minimatch.js";"file"
"655";"package.json";"node_modules\nodemon\node_modules\minimatch\package.json";"file"
"656";"README.md";"node_modules\nodemon\node_modules\minimatch\README.md";"file"
"657";"index.js";"node_modules\nodemon\node_modules\ms\index.js";"file"
"658";"license.md";"node_modules\nodemon\node_modules\ms\license.md";"file"
"659";"package.json";"node_modules\nodemon\node_modules\ms\package.json";"file"
"660";"readme.md";"node_modules\nodemon\node_modules\ms\readme.md";"file"
"661";"bin";"node_modules\nodemon\node_modules\semver\bin";"folder"
"662";"classes";"node_modules\nodemon\node_modules\semver\classes";"folder"
"663";"functions";"node_modules\nodemon\node_modules\semver\functions";"folder"
"664";"index.js";"node_modules\nodemon\node_modules\semver\index.js";"file"
"665";"internal";"node_modules\nodemon\node_modules\semver\internal";"folder"
"666";"LICENSE";"node_modules\nodemon\node_modules\semver\LICENSE";"file"
"667";"package.json";"node_modules\nodemon\node_modules\semver\package.json";"file"
"668";"preload.js";"node_modules\nodemon\node_modules\semver\preload.js";"file"
"669";"range.bnf";"node_modules\nodemon\node_modules\semver\range.bnf";"file"
"670";"ranges";"node_modules\nodemon\node_modules\semver\ranges";"folder"
"671";"README.md";"node_modules\nodemon\node_modules\semver\README.md";"file"
"672";"semver.js";"node_modules\nodemon\node_modules\semver\bin\semver.js";"file"
"673";"comparator.js";"node_modules\nodemon\node_modules\semver\classes\comparator.js";"file"
"674";"index.js";"node_modules\nodemon\node_modules\semver\classes\index.js";"file"
"675";"range.js";"node_modules\nodemon\node_modules\semver\classes\range.js";"file"
"676";"semver.js";"node_modules\nodemon\node_modules\semver\classes\semver.js";"file"
"677";"clean.js";"node_modules\nodemon\node_modules\semver\functions\clean.js";"file"
"678";"cmp.js";"node_modules\nodemon\node_modules\semver\functions\cmp.js";"file"
"679";"coerce.js";"node_modules\nodemon\node_modules\semver\functions\coerce.js";"file"
"680";"compare-build.js";"node_modules\nodemon\node_modules\semver\functions\compare-build.js";"file"
"681";"compare-loose.js";"node_modules\nodemon\node_modules\semver\functions\compare-loose.js";"file"
"682";"compare.js";"node_modules\nodemon\node_modules\semver\functions\compare.js";"file"
"683";"diff.js";"node_modules\nodemon\node_modules\semver\functions\diff.js";"file"
"684";"eq.js";"node_modules\nodemon\node_modules\semver\functions\eq.js";"file"
"685";"gt.js";"node_modules\nodemon\node_modules\semver\functions\gt.js";"file"
"686";"gte.js";"node_modules\nodemon\node_modules\semver\functions\gte.js";"file"
"687";"inc.js";"node_modules\nodemon\node_modules\semver\functions\inc.js";"file"
"688";"lt.js";"node_modules\nodemon\node_modules\semver\functions\lt.js";"file"
"689";"lte.js";"node_modules\nodemon\node_modules\semver\functions\lte.js";"file"
"690";"major.js";"node_modules\nodemon\node_modules\semver\functions\major.js";"file"
"691";"minor.js";"node_modules\nodemon\node_modules\semver\functions\minor.js";"file"
"692";"neq.js";"node_modules\nodemon\node_modules\semver\functions\neq.js";"file"
"693";"parse.js";"node_modules\nodemon\node_modules\semver\functions\parse.js";"file"
"694";"patch.js";"node_modules\nodemon\node_modules\semver\functions\patch.js";"file"
"695";"prerelease.js";"node_modules\nodemon\node_modules\semver\functions\prerelease.js";"file"
"696";"rcompare.js";"node_modules\nodemon\node_modules\semver\functions\rcompare.js";"file"
"697";"rsort.js";"node_modules\nodemon\node_modules\semver\functions\rsort.js";"file"
"698";"satisfies.js";"node_modules\nodemon\node_modules\semver\functions\satisfies.js";"file"
"699";"sort.js";"node_modules\nodemon\node_modules\semver\functions\sort.js";"file"
"700";"valid.js";"node_modules\nodemon\node_modules\semver\functions\valid.js";"file"
"701";"constants.js";"node_modules\nodemon\node_modules\semver\internal\constants.js";"file"
"702";"debug.js";"node_modules\nodemon\node_modules\semver\internal\debug.js";"file"
"703";"identifiers.js";"node_modules\nodemon\node_modules\semver\internal\identifiers.js";"file"
"704";"parse-options.js";"node_modules\nodemon\node_modules\semver\internal\parse-options.js";"file"
"705";"re.js";"node_modules\nodemon\node_modules\semver\internal\re.js";"file"
"706";"gtr.js";"node_modules\nodemon\node_modules\semver\ranges\gtr.js";"file"
"707";"intersects.js";"node_modules\nodemon\node_modules\semver\ranges\intersects.js";"file"
"708";"ltr.js";"node_modules\nodemon\node_modules\semver\ranges\ltr.js";"file"
"709";"max-satisfying.js";"node_modules\nodemon\node_modules\semver\ranges\max-satisfying.js";"file"
"710";"min-satisfying.js";"node_modules\nodemon\node_modules\semver\ranges\min-satisfying.js";"file"
"711";"min-version.js";"node_modules\nodemon\node_modules\semver\ranges\min-version.js";"file"
"712";"outside.js";"node_modules\nodemon\node_modules\semver\ranges\outside.js";"file"
"713";"simplify.js";"node_modules\nodemon\node_modules\semver\ranges\simplify.js";"file"
"714";"subset.js";"node_modules\nodemon\node_modules\semver\ranges\subset.js";"file"
"715";"to-comparators.js";"node_modules\nodemon\node_modules\semver\ranges\to-comparators.js";"file"
"716";"valid.js";"node_modules\nodemon\node_modules\semver\ranges\valid.js";"file"
"717";"browser.js";"node_modules\nodemon\node_modules\supports-color\browser.js";"file"
"718";"index.js";"node_modules\nodemon\node_modules\supports-color\index.js";"file"
"719";"license";"node_modules\nodemon\node_modules\supports-color\license";"file"
"720";"package.json";"node_modules\nodemon\node_modules\supports-color\package.json";"file"
"721";"readme.md";"node_modules\nodemon\node_modules\supports-color\readme.md";"file"
"722";"iterator.js";"node_modules\nodemon\node_modules\yallist\iterator.js";"file"
"723";"LICENSE";"node_modules\nodemon\node_modules\yallist\LICENSE";"file"
"724";"package.json";"node_modules\nodemon\node_modules\yallist\package.json";"file"
"725";"README.md";"node_modules\nodemon\node_modules\yallist\README.md";"file"
"726";"yallist.js";"node_modules\nodemon\node_modules\yallist\yallist.js";"file"
"727";"index.js";"node_modules\normalize-path\index.js";"file"
"728";"LICENSE";"node_modules\normalize-path\LICENSE";"file"
"729";"package.json";"node_modules\normalize-path\package.json";"file"
"730";"README.md";"node_modules\normalize-path\README.md";"file"
"731";"HISTORY.md";"node_modules\on-finished\HISTORY.md";"file"
"732";"index.js";"node_modules\on-finished\index.js";"file"
"733";"LICENSE";"node_modules\on-finished\LICENSE";"file"
"734";"package.json";"node_modules\on-finished\package.json";"file"
"735";"README.md";"node_modules\on-finished\README.md";"file"
"736";"HISTORY.md";"node_modules\on-headers\HISTORY.md";"file"
"737";"index.js";"node_modules\on-headers\index.js";"file"
"738";"LICENSE";"node_modules\on-headers\LICENSE";"file"
"739";"package.json";"node_modules\on-headers\package.json";"file"
"740";"README.md";"node_modules\on-headers\README.md";"file"
"741";"HISTORY.md";"node_modules\parseurl\HISTORY.md";"file"
"742";"index.js";"node_modules\parseurl\index.js";"file"
"743";"LICENSE";"node_modules\parseurl\LICENSE";"file"
"744";"package.json";"node_modules\parseurl\package.json";"file"
"745";"README.md";"node_modules\parseurl\README.md";"file"
"746";"History.md";"node_modules\path-to-regexp\History.md";"file"
"747";"index.js";"node_modules\path-to-regexp\index.js";"file"
"748";"LICENSE";"node_modules\path-to-regexp\LICENSE";"file"
"749";"package.json";"node_modules\path-to-regexp\package.json";"file"
"750";"Readme.md";"node_modules\path-to-regexp\Readme.md";"file"
"751";"CHANGELOG.md";"node_modules\picomatch\CHANGELOG.md";"file"
"752";"index.js";"node_modules\picomatch\index.js";"file"
"753";"lib";"node_modules\picomatch\lib";"folder"
"754";"LICENSE";"node_modules\picomatch\LICENSE";"file"
"755";"package.json";"node_modules\picomatch\package.json";"file"
"756";"README.md";"node_modules\picomatch\README.md";"file"
"757";"constants.js";"node_modules\picomatch\lib\constants.js";"file"
"758";"parse.js";"node_modules\picomatch\lib\parse.js";"file"
"759";"picomatch.js";"node_modules\picomatch\lib\picomatch.js";"file"
"760";"scan.js";"node_modules\picomatch\lib\scan.js";"file"
"761";"utils.js";"node_modules\picomatch\lib\utils.js";"file"
"762";"HISTORY.md";"node_modules\proxy-addr\HISTORY.md";"file"
"763";"index.js";"node_modules\proxy-addr\index.js";"file"
"764";"LICENSE";"node_modules\proxy-addr\LICENSE";"file"
"765";"package.json";"node_modules\proxy-addr\package.json";"file"
"766";"README.md";"node_modules\proxy-addr\README.md";"file"
"767";".travis.yml";"node_modules\pstree.remy\.travis.yml";"file"
"768";"lib";"node_modules\pstree.remy\lib";"folder"
"769";"LICENSE";"node_modules\pstree.remy\LICENSE";"file"
"770";"package.json";"node_modules\pstree.remy\package.json";"file"
"771";"README.md";"node_modules\pstree.remy\README.md";"file"
"772";"tests";"node_modules\pstree.remy\tests";"folder"
"773";"index.js";"node_modules\pstree.remy\lib\index.js";"file"
"774";"tree.js";"node_modules\pstree.remy\lib\tree.js";"file"
"775";"utils.js";"node_modules\pstree.remy\lib\utils.js";"file"
"776";"fixtures";"node_modules\pstree.remy\tests\fixtures";"folder"
"777";"index.test.js";"node_modules\pstree.remy\tests\index.test.js";"file"
"778";"index.js";"node_modules\pstree.remy\tests\fixtures\index.js";"file"
"779";"out1";"node_modules\pstree.remy\tests\fixtures\out1";"file"
"780";"out2";"node_modules\pstree.remy\tests\fixtures\out2";"file"
"781";".editorconfig";"node_modules\qs\.editorconfig";"file"
"782";".eslintignore";"node_modules\qs\.eslintignore";"file"
"783";".eslintrc";"node_modules\qs\.eslintrc";"file"
"784";"CHANGELOG.md";"node_modules\qs\CHANGELOG.md";"file"
"785";"dist";"node_modules\qs\dist";"folder"
"786";"lib";"node_modules\qs\lib";"folder"
"787";"LICENSE";"node_modules\qs\LICENSE";"file"
"788";"package.json";"node_modules\qs\package.json";"file"
"789";"README.md";"node_modules\qs\README.md";"file"
"790";"test";"node_modules\qs\test";"folder"
"791";"qs.js";"node_modules\qs\dist\qs.js";"file"
"792";"formats.js";"node_modules\qs\lib\formats.js";"file"
"793";"index.js";"node_modules\qs\lib\index.js";"file"
"794";"parse.js";"node_modules\qs\lib\parse.js";"file"
"795";"stringify.js";"node_modules\qs\lib\stringify.js";"file"
"796";"utils.js";"node_modules\qs\lib\utils.js";"file"
"797";".eslintrc";"node_modules\qs\test\.eslintrc";"file"
"798";"index.js";"node_modules\qs\test\index.js";"file"
"799";"parse.js";"node_modules\qs\test\parse.js";"file"
"800";"stringify.js";"node_modules\qs\test\stringify.js";"file"
"801";"utils.js";"node_modules\qs\test\utils.js";"file"
"802";"HISTORY.md";"node_modules\range-parser\HISTORY.md";"file"
"803";"index.js";"node_modules\range-parser\index.js";"file"
"804";"LICENSE";"node_modules\range-parser\LICENSE";"file"
"805";"package.json";"node_modules\range-parser\package.json";"file"
"806";"README.md";"node_modules\range-parser\README.md";"file"
"807";"HISTORY.md";"node_modules\raw-body\HISTORY.md";"file"
"808";"index.d.ts";"node_modules\raw-body\index.d.ts";"file"
"809";"index.js";"node_modules\raw-body\index.js";"file"
"810";"LICENSE";"node_modules\raw-body\LICENSE";"file"
"811";"package.json";"node_modules\raw-body\package.json";"file"
"812";"README.md";"node_modules\raw-body\README.md";"file"
"813";"index.d.ts";"node_modules\readdirp\index.d.ts";"file"
"814";"index.js";"node_modules\readdirp\index.js";"file"
"815";"LICENSE";"node_modules\readdirp\LICENSE";"file"
"816";"package.json";"node_modules\readdirp\package.json";"file"
"817";"README.md";"node_modules\readdirp\README.md";"file"
"818";"index.d.ts";"node_modules\safe-buffer\index.d.ts";"file"
"819";"index.js";"node_modules\safe-buffer\index.js";"file"
"820";"LICENSE";"node_modules\safe-buffer\LICENSE";"file"
"821";"package.json";"node_modules\safe-buffer\package.json";"file"
"822";"README.md";"node_modules\safe-buffer\README.md";"file"
"823";"dangerous.js";"node_modules\safer-buffer\dangerous.js";"file"
"824";"LICENSE";"node_modules\safer-buffer\LICENSE";"file"
"825";"package.json";"node_modules\safer-buffer\package.json";"file"
"826";"Porting-Buffer.md";"node_modules\safer-buffer\Porting-Buffer.md";"file"
"827";"Readme.md";"node_modules\safer-buffer\Readme.md";"file"
"828";"safer.js";"node_modules\safer-buffer\safer.js";"file"
"829";"tests.js";"node_modules\safer-buffer\tests.js";"file"
"830";"HISTORY.md";"node_modules\send\HISTORY.md";"file"
"831";"index.js";"node_modules\send\index.js";"file"
"832";"LICENSE";"node_modules\send\LICENSE";"file"
"833";"package.json";"node_modules\send\package.json";"file"
"834";"README.md";"node_modules\send\README.md";"file"
"835";"HISTORY.md";"node_modules\serve-static\HISTORY.md";"file"
"836";"index.js";"node_modules\serve-static\index.js";"file"
"837";"LICENSE";"node_modules\serve-static\LICENSE";"file"
"838";"package.json";"node_modules\serve-static\package.json";"file"
"839";"README.md";"node_modules\serve-static\README.md";"file"
"840";"index.d.ts";"node_modules\setprototypeof\index.d.ts";"file"
"841";"index.js";"node_modules\setprototypeof\index.js";"file"
"842";"LICENSE";"node_modules\setprototypeof\LICENSE";"file"
"843";"package.json";"node_modules\setprototypeof\package.json";"file"
"844";"README.md";"node_modules\setprototypeof\README.md";"file"
"845";"build";"node_modules\simple-update-notifier\build";"folder"
"846";"LICENSE";"node_modules\simple-update-notifier\LICENSE";"file"
"847";"node_modules";"node_modules\simple-update-notifier\node_modules";"folder"
"848";"package.json";"node_modules\simple-update-notifier\package.json";"file"
"849";"README.md";"node_modules\simple-update-notifier\README.md";"file"
"850";"src";"node_modules\simple-update-notifier\src";"folder"
"851";"index.d.ts";"node_modules\simple-update-notifier\build\index.d.ts";"file"
"852";"index.js";"node_modules\simple-update-notifier\build\index.js";"file"
"853";".bin";"node_modules\simple-update-notifier\node_modules\.bin";"folder"
"854";"lru-cache";"node_modules\simple-update-notifier\node_modules\lru-cache";"folder"
"855";"semver";"node_modules\simple-update-notifier\node_modules\semver";"folder"
"856";"yallist";"node_modules\simple-update-notifier\node_modules\yallist";"folder"
"857";"semver";"node_modules\simple-update-notifier\node_modules\.bin\semver";"file"
"858";"semver.cmd";"node_modules\simple-update-notifier\node_modules\.bin\semver.cmd";"file"
"859";"semver.ps1";"node_modules\simple-update-notifier\node_modules\.bin\semver.ps1";"file"
"860";"index.js";"node_modules\simple-update-notifier\node_modules\lru-cache\index.js";"file"
"861";"LICENSE";"node_modules\simple-update-notifier\node_modules\lru-cache\LICENSE";"file"
"862";"package.json";"node_modules\simple-update-notifier\node_modules\lru-cache\package.json";"file"
"863";"README.md";"node_modules\simple-update-notifier\node_modules\lru-cache\README.md";"file"
"864";"bin";"node_modules\simple-update-notifier\node_modules\semver\bin";"folder"
"865";"classes";"node_modules\simple-update-notifier\node_modules\semver\classes";"folder"
"866";"functions";"node_modules\simple-update-notifier\node_modules\semver\functions";"folder"
"867";"index.js";"node_modules\simple-update-notifier\node_modules\semver\index.js";"file"
"868";"internal";"node_modules\simple-update-notifier\node_modules\semver\internal";"folder"
"869";"LICENSE";"node_modules\simple-update-notifier\node_modules\semver\LICENSE";"file"
"870";"package.json";"node_modules\simple-update-notifier\node_modules\semver\package.json";"file"
"871";"preload.js";"node_modules\simple-update-notifier\node_modules\semver\preload.js";"file"
"872";"range.bnf";"node_modules\simple-update-notifier\node_modules\semver\range.bnf";"file"
"873";"ranges";"node_modules\simple-update-notifier\node_modules\semver\ranges";"folder"
"874";"README.md";"node_modules\simple-update-notifier\node_modules\semver\README.md";"file"
"875";"semver.js";"node_modules\simple-update-notifier\node_modules\semver\bin\semver.js";"file"
"876";"comparator.js";"node_modules\simple-update-notifier\node_modules\semver\classes\comparator.js";"file"
"877";"index.js";"node_modules\simple-update-notifier\node_modules\semver\classes\index.js";"file"
"878";"range.js";"node_modules\simple-update-notifier\node_modules\semver\classes\range.js";"file"
"879";"semver.js";"node_modules\simple-update-notifier\node_modules\semver\classes\semver.js";"file"
"880";"clean.js";"node_modules\simple-update-notifier\node_modules\semver\functions\clean.js";"file"
"881";"cmp.js";"node_modules\simple-update-notifier\node_modules\semver\functions\cmp.js";"file"
"882";"coerce.js";"node_modules\simple-update-notifier\node_modules\semver\functions\coerce.js";"file"
"883";"compare-build.js";"node_modules\simple-update-notifier\node_modules\semver\functions\compare-build.js";"file"
"884";"compare-loose.js";"node_modules\simple-update-notifier\node_modules\semver\functions\compare-loose.js";"file"
"885";"compare.js";"node_modules\simple-update-notifier\node_modules\semver\functions\compare.js";"file"
"886";"diff.js";"node_modules\simple-update-notifier\node_modules\semver\functions\diff.js";"file"
"887";"eq.js";"node_modules\simple-update-notifier\node_modules\semver\functions\eq.js";"file"
"888";"gt.js";"node_modules\simple-update-notifier\node_modules\semver\functions\gt.js";"file"
"889";"gte.js";"node_modules\simple-update-notifier\node_modules\semver\functions\gte.js";"file"
"890";"inc.js";"node_modules\simple-update-notifier\node_modules\semver\functions\inc.js";"file"
"891";"lt.js";"node_modules\simple-update-notifier\node_modules\semver\functions\lt.js";"file"
"892";"lte.js";"node_modules\simple-update-notifier\node_modules\semver\functions\lte.js";"file"
"893";"major.js";"node_modules\simple-update-notifier\node_modules\semver\functions\major.js";"file"
"894";"minor.js";"node_modules\simple-update-notifier\node_modules\semver\functions\minor.js";"file"
"895";"neq.js";"node_modules\simple-update-notifier\node_modules\semver\functions\neq.js";"file"
"896";"parse.js";"node_modules\simple-update-notifier\node_modules\semver\functions\parse.js";"file"
"897";"patch.js";"node_modules\simple-update-notifier\node_modules\semver\functions\patch.js";"file"
"898";"prerelease.js";"node_modules\simple-update-notifier\node_modules\semver\functions\prerelease.js";"file"
"899";"rcompare.js";"node_modules\simple-update-notifier\node_modules\semver\functions\rcompare.js";"file"
"900";"rsort.js";"node_modules\simple-update-notifier\node_modules\semver\functions\rsort.js";"file"
"901";"satisfies.js";"node_modules\simple-update-notifier\node_modules\semver\functions\satisfies.js";"file"
"902";"sort.js";"node_modules\simple-update-notifier\node_modules\semver\functions\sort.js";"file"
"903";"valid.js";"node_modules\simple-update-notifier\node_modules\semver\functions\valid.js";"file"
"904";"constants.js";"node_modules\simple-update-notifier\node_modules\semver\internal\constants.js";"file"
"905";"debug.js";"node_modules\simple-update-notifier\node_modules\semver\internal\debug.js";"file"
"906";"identifiers.js";"node_modules\simple-update-notifier\node_modules\semver\internal\identifiers.js";"file"
"907";"parse-options.js";"node_modules\simple-update-notifier\node_modules\semver\internal\parse-options.js";"file"
"908";"re.js";"node_modules\simple-update-notifier\node_modules\semver\internal\re.js";"file"
"909";"gtr.js";"node_modules\simple-update-notifier\node_modules\semver\ranges\gtr.js";"file"
"910";"intersects.js";"node_modules\simple-update-notifier\node_modules\semver\ranges\intersects.js";"file"
"911";"ltr.js";"node_modules\simple-update-notifier\node_modules\semver\ranges\ltr.js";"file"
"912";"max-satisfying.js";"node_modules\simple-update-notifier\node_modules\semver\ranges\max-satisfying.js";"file"
"913";"min-satisfying.js";"node_modules\simple-update-notifier\node_modules\semver\ranges\min-satisfying.js";"file"
"914";"min-version.js";"node_modules\simple-update-notifier\node_modules\semver\ranges\min-version.js";"file"
"915";"outside.js";"node_modules\simple-update-notifier\node_modules\semver\ranges\outside.js";"file"
"916";"simplify.js";"node_modules\simple-update-notifier\node_modules\semver\ranges\simplify.js";"file"
"917";"subset.js";"node_modules\simple-update-notifier\node_modules\semver\ranges\subset.js";"file"
"918";"to-comparators.js";"node_modules\simple-update-notifier\node_modules\semver\ranges\to-comparators.js";"file"
"919";"valid.js";"node_modules\simple-update-notifier\node_modules\semver\ranges\valid.js";"file"
"920";"iterator.js";"node_modules\simple-update-notifier\node_modules\yallist\iterator.js";"file"
"921";"LICENSE";"node_modules\simple-update-notifier\node_modules\yallist\LICENSE";"file"
"922";"package.json";"node_modules\simple-update-notifier\node_modules\yallist\package.json";"file"
"923";"README.md";"node_modules\simple-update-notifier\node_modules\yallist\README.md";"file"
"924";"yallist.js";"node_modules\simple-update-notifier\node_modules\yallist\yallist.js";"file"
"925";"borderedText.ts";"node_modules\simple-update-notifier\src\borderedText.ts";"file"
"926";"cache.spec.ts";"node_modules\simple-update-notifier\src\cache.spec.ts";"file"
"927";"cache.ts";"node_modules\simple-update-notifier\src\cache.ts";"file"
"928";"getDistVersion.spec.ts";"node_modules\simple-update-notifier\src\getDistVersion.spec.ts";"file"
"929";"getDistVersion.ts";"node_modules\simple-update-notifier\src\getDistVersion.ts";"file"
"930";"hasNewVersion.spec.ts";"node_modules\simple-update-notifier\src\hasNewVersion.spec.ts";"file"
"931";"hasNewVersion.ts";"node_modules\simple-update-notifier\src\hasNewVersion.ts";"file"
"932";"index.spec.ts";"node_modules\simple-update-notifier\src\index.spec.ts";"file"
"933";"index.ts";"node_modules\simple-update-notifier\src\index.ts";"file"
"934";"isNpmOrYarn.ts";"node_modules\simple-update-notifier\src\isNpmOrYarn.ts";"file"
"935";"types.ts";"node_modules\simple-update-notifier\src\types.ts";"file"
"936";"codes.json";"node_modules\statuses\codes.json";"file"
"937";"HISTORY.md";"node_modules\statuses\HISTORY.md";"file"
"938";"index.js";"node_modules\statuses\index.js";"file"
"939";"LICENSE";"node_modules\statuses\LICENSE";"file"
"940";"package.json";"node_modules\statuses\package.json";"file"
"941";"README.md";"node_modules\statuses\README.md";"file"
"942";"index.js";"node_modules\to-regex-range\index.js";"file"
"943";"LICENSE";"node_modules\to-regex-range\LICENSE";"file"
"944";"package.json";"node_modules\to-regex-range\package.json";"file"
"945";"README.md";"node_modules\to-regex-range\README.md";"file"
"946";"bin";"node_modules\touch\bin";"folder"
"947";"index.js";"node_modules\touch\index.js";"file"
"948";"LICENSE";"node_modules\touch\LICENSE";"file"
"949";"node_modules";"node_modules\touch\node_modules";"folder"
"950";"package.json";"node_modules\touch\package.json";"file"
"951";"README.md";"node_modules\touch\README.md";"file"
"952";"nodetouch.js";"node_modules\touch\bin\nodetouch.js";"file"
"953";".bin";"node_modules\touch\node_modules\.bin";"folder"
"954";"nopt";"node_modules\touch\node_modules\nopt";"folder"
"955";"nopt";"node_modules\touch\node_modules\.bin\nopt";"file"
"956";"nopt.cmd";"node_modules\touch\node_modules\.bin\nopt.cmd";"file"
"957";"nopt.ps1";"node_modules\touch\node_modules\.bin\nopt.ps1";"file"
"958";".npmignore";"node_modules\touch\node_modules\nopt\.npmignore";"file"
"959";"bin";"node_modules\touch\node_modules\nopt\bin";"folder"
"960";"examples";"node_modules\touch\node_modules\nopt\examples";"folder"
"961";"lib";"node_modules\touch\node_modules\nopt\lib";"folder"
"962";"LICENSE";"node_modules\touch\node_modules\nopt\LICENSE";"file"
"963";"package.json";"node_modules\touch\node_modules\nopt\package.json";"file"
"964";"README.md";"node_modules\touch\node_modules\nopt\README.md";"file"
"965";"nopt.js";"node_modules\touch\node_modules\nopt\bin\nopt.js";"file"
"966";"my-program.js";"node_modules\touch\node_modules\nopt\examples\my-program.js";"file"
"967";"nopt.js";"node_modules\touch\node_modules\nopt\lib\nopt.js";"file"
"968";"HISTORY.md";"node_modules\type-is\HISTORY.md";"file"
"969";"index.js";"node_modules\type-is\index.js";"file"
"970";"LICENSE";"node_modules\type-is\LICENSE";"file"
"971";"package.json";"node_modules\type-is\package.json";"file"
"972";"README.md";"node_modules\type-is\README.md";"file"
"973";".github";"node_modules\undefsafe\.github";"folder"
"974";".jscsrc";"node_modules\undefsafe\.jscsrc";"file"
"975";".jshintrc";"node_modules\undefsafe\.jshintrc";"file"
"976";".travis.yml";"node_modules\undefsafe\.travis.yml";"file"
"977";"example.js";"node_modules\undefsafe\example.js";"file"
"978";"lib";"node_modules\undefsafe\lib";"folder"
"979";"LICENSE";"node_modules\undefsafe\LICENSE";"file"
"980";"package.json";"node_modules\undefsafe\package.json";"file"
"981";"README.md";"node_modules\undefsafe\README.md";"file"
"982";"workflows";"node_modules\undefsafe\.github\workflows";"folder"
"983";"release.yml";"node_modules\undefsafe\.github\workflows\release.yml";"file"
"984";"undefsafe.js";"node_modules\undefsafe\lib\undefsafe.js";"file"
"985";"HISTORY.md";"node_modules\unpipe\HISTORY.md";"file"
"986";"index.js";"node_modules\unpipe\index.js";"file"
"987";"LICENSE";"node_modules\unpipe\LICENSE";"file"
"988";"package.json";"node_modules\unpipe\package.json";"file"
"989";"README.md";"node_modules\unpipe\README.md";"file"
"990";".npmignore";"node_modules\utils-merge\.npmignore";"file"
"991";"index.js";"node_modules\utils-merge\index.js";"file"
"992";"LICENSE";"node_modules\utils-merge\LICENSE";"file"
"993";"package.json";"node_modules\utils-merge\package.json";"file"
"994";"README.md";"node_modules\utils-merge\README.md";"file"
"995";"HISTORY.md";"node_modules\vary\HISTORY.md";"file"
"996";"index.js";"node_modules\vary\index.js";"file"
"997";"LICENSE";"node_modules\vary\LICENSE";"file"
"998";"package.json";"node_modules\vary\package.json";"file"
"999";"README.md";"node_modules\vary\README.md";"file"